A-C,1930-1960,carton
C-E,1930-1980,carton
F-J,1929-1968,carton
J-O,1933-1980,carton
P-Z,1931-1990,carton
Daily planners and diaries,1950-1967,carton
Sermon notecards,1940-1960,box
"Published articles, works by others, biographical materials",1875-1997,carton
"Faith and Knowledge, God's Fifth Columnist, the Jewish Question",1937-1994,carton
Der RÃ¶merbrief,1943-1996,carton
"Sermons, Sermon on the Mount",1943-1990,carton
"Publisher correspondence, publicity materials, PTS Neumann
              lectures",1953-1999,carton
Printers' galleys,1965-1979,carton
